[{"business name":"Buzzshare","address_line_1":"6 Atwood Pass","address_line_2":"Newton","address_line_3":"Scotland","postcode":"IV1 8AG","country":"United Kingdom","telephone_number":"0267 682 1503","business_category":"Home"},
  
{"business name":"Browsedrive","address_line_1":"5769 Lunder Hill","address_line_2":"Kirkton","address_line_3":"Scotland","postcode":"KW10 6RB","country":"United Kingdom","telephone_number":"0951 488 7881","business_category":"Computers"},
{"business name":"Thoughtbeat","address_line_1":"462 7th Alley","address_line_2":"Norton","address_line_3":"England","postcode":"NN11 0GB","country":"United Kingdom","telephone_number":"0318 121 8006","business_category":"Tools"},
{"business name":"DabZ","address_line_1":"271 Sage Place","address_line_2":"Church End","address_line_3":"England","postcode":"N3 1AA","country":"United Kingdom","telephone_number":"0204 686 0032","business_category":"Toys"},
{"business name":"Yakijo","address_line_1":"26310 Victoria Junction","address_line_2":"Leeds","address_line_3":"England","postcode":"LS6 1AD","country":"United Kingdom","telephone_number":"0586 722 3525","business_category":"Shoes"},
{"business name":"Zoozzy","address_line_1":"40550 Melody Lane","address_line_2":"Dean","address_line_3":"England","postcode":"OX7 3AA","country":"United Kingdom","telephone_number":"0540 776 4394","business_category":"Jewelery"},
{"business name":"Ntag","address_line_1":"49 Montana Court","address_line_2":"London","address_line_3":"England","postcode":"EC1V 0AJ","country":"United Kingdom","telephone_number":"0847 515 0080","business_category":"Outdoors"},
{"business name":"Ailane","address_line_1":"8638 Brickson Park Terrace","address_line_2":"Brampton","address_line_3":"England","postcode":"NR34 0AB","country":"United Kingdom","telephone_number":"0603 566 9279","business_category":"Computers"},
{"business name":"Talane","address_line_1":"97 Susan Park","address_line_2":"Upton","address_line_3":"England","postcode":"DN21 1AD","country":"United Kingdom","telephone_number":"0757 917 1325","business_category":"Music"},
{"business name":"Lazzy","address_line_1":"5 Old Gate Center","address_line_2":"London","address_line_3":"England","postcode":"SW1E 5BA","country":"United Kingdom","telephone_number":"0369 616 6275","business_category":"Games"},
{"business name":"Skaboo","address_line_1":"93618 John Wall Road","address_line_2":"Belfast","address_line_3":"Northern Ireland","postcode":"BT20 3AF","country":"United Kingdom","telephone_number":"0513 573 3580","business_category":"Automotive"},
{"business name":"Voolith","address_line_1":"10 Basil Parkway","address_line_2":"Linton","address_line_3":"England","postcode":"BD23 1AD","country":"United Kingdom","telephone_number":"0735 274 9743","business_category":"Garden"},
{"business name":"Bluejam","address_line_1":"61899 Northridge Road","address_line_2":"Ford","address_line_3":"England","postcode":"GL54 1GA","country":"United Kingdom","telephone_number":"0885 248 0098","business_category":"Clothing"},
{"business name":"Youtags","address_line_1":"0735 Forest Place","address_line_2":"London","address_line_3":"England","postcode":"EC3M 1AA","country":"United Kingdom","telephone_number":"0275 410 2565","business_category":"Shoes"},
{"business name":"Brainverse","address_line_1":"801 Shopko Parkway","address_line_2":"Weston","address_line_3":"England","postcode":"GU32 1AE","country":"United Kingdom","telephone_number":"0864 491 4105","business_category":"Health"},
{"business name":"Eire","address_line_1":"4 Calypso Trail","address_line_2":"Pentre","address_line_3":"Wales","postcode":"SY4 1AB","country":"United Kingdom","telephone_number":"0658 173 2494","business_category":"Computers"},
{"business name":"Roomm","address_line_1":"72 Tomscot Road","address_line_2":"Upton","address_line_3":"England","postcode":"DN21 1AH","country":"United Kingdom","telephone_number":"0899 715 4070","business_category":"Games"},
{"business name":"Yozio","address_line_1":"69 Charing Cross Circle","address_line_2":"Upton","address_line_3":"England","postcode":"WF9 1WP","country":"United Kingdom","telephone_number":"0195 817 7096","business_category":"Sports"},
{"business name":"Yodoo","address_line_1":"80405 Arkansas Circle","address_line_2":"Charlton","address_line_3":"England","postcode":"OX12 0AB","country":"United Kingdom","telephone_number":"0212 846 9534","business_category":"Home"},
{"business name":"Flashset","address_line_1":"02 Golf Course Point","address_line_2":"Kirkton","address_line_3":"Scotland","postcode":"KW10 6RB","country":"United Kingdom","telephone_number":"0811 739 9988","business_category":"Beauty"},
{"business name":"Oodoo","address_line_1":"9110 Havey Circle","address_line_2":"Halton","address_line_3":"England","postcode":"LS9 0AE","country":"United Kingdom","telephone_number":"0513 213 6316","business_category":"Toys"},
{"business name":"Realpoint","address_line_1":"29471 Kennedy Road","address_line_2":"Merton","address_line_3":"England","postcode":"SW19 1ZW","country":"United Kingdom","telephone_number":"0461 807 4332","business_category":"Automotive"},
{"business name":"Teklist","address_line_1":"266 Claremont Point","address_line_2":"London","address_line_3":"England","postcode":"WC2H 1AF","country":"United Kingdom","telephone_number":"0475 430 3008","business_category":"Kids"},
{"business name":"Browseblab","address_line_1":"119 Hagan Point","address_line_2":"Newton","address_line_3":"England","postcode":"NG34 0XD","country":"United Kingdom","telephone_number":"0645 294 6977","business_category":"Health"},
{"business name":"Viva","address_line_1":"4524 Del Sol Center","address_line_2":"Kingston","address_line_3":"England","postcode":"DT10 1ZX","country":"United Kingdom","telephone_number":"0692 798 3802","business_category":"Kids"},
{"business name":"Topiclounge","address_line_1":"66 Bunker Hill Place","address_line_2":"Seaton","address_line_3":"England","postcode":"LE15 0AW","country":"United Kingdom","telephone_number":"0992 907 5888","business_category":"Tools"},
{"business name":"Mymm","address_line_1":"853 Cascade Center","address_line_2":"West End","address_line_3":"England","postcode":"DN36 4AF","country":"United Kingdom","telephone_number":"0534 288 9855","business_category":"Kids"},
{"business name":"Fatz","address_line_1":"25 Dakota Drive","address_line_2":"London","address_line_3":"England","postcode":"W1F 0AH","country":"United Kingdom","telephone_number":"0259 650 9145","business_category":"Books"},
{"business name":"Blognation","address_line_1":"585 Petterle Terrace","address_line_2":"Linton","address_line_3":"England","postcode":"BD23 1AD","country":"United Kingdom","telephone_number":"0659 520 0930","business_category":"Industrial"},
{"business name":"Janyx","address_line_1":"687 Park Meadow Terrace","address_line_2":"London","address_line_3":"England","postcode":"WC1B 3AD","country":"United Kingdom","telephone_number":"0621 500 5018","business_category":"Sports"},
{"business name":"Thoughtbridge","address_line_1":"2 Emmet Alley","address_line_2":"London","address_line_3":"England","postcode":"EC3M 1AA","country":"United Kingdom","telephone_number":"0631 447 2255","business_category":"Outdoors"},
{"business name":"Pixonyx","address_line_1":"804 Vera Terrace","address_line_2":"West End","address_line_3":"England","postcode":"DN36 4AF","country":"United Kingdom","telephone_number":"0754 613 1824","business_category":"Baby"},
{"business name":"Ooba","address_line_1":"9827 Homewood Center","address_line_2":"Newton","address_line_3":"England","postcode":"NG34 0AB","country":"United Kingdom","telephone_number":"0422 819 4339","business_category":"Health"},
{"business name":"Meeveo","address_line_1":"9228 International Plaza","address_line_2":"Kirkton","address_line_3":"Scotland","postcode":"KW10 6RF","country":"United Kingdom","telephone_number":"0304 176 5977","business_category":"Movies"},
{"business name":"Topicshots","address_line_1":"666 Sommers Pass","address_line_2":"Norton","address_line_3":"England","postcode":"S8 0FA","country":"United Kingdom","telephone_number":"0909 447 0860","business_category":"Shoes"},
{"business name":"Tambee","address_line_1":"8786 Cherokee Trail","address_line_2":"Kirkton","address_line_3":"Scotland","postcode":"KW10 6RB","country":"United Kingdom","telephone_number":"0128 943 8980","business_category":"Grocery"},
{"business name":"Dabtype","address_line_1":"754 Evergreen Street","address_line_2":"Whitchurch","address_line_3":"England","postcode":"BS14 0AA","country":"United Kingdom","telephone_number":"0179 421 9352","business_category":"Automotive"},
{"business name":"Pixoboo","address_line_1":"7 Hagan Alley","address_line_2":"Upton","address_line_3":"England","postcode":"WF9 1QA","country":"United Kingdom","telephone_number":"0194 909 7187","business_category":"Beauty"},
{"business name":"Skiba","address_line_1":"56 Mayer Plaza","address_line_2":"Aberdeen","address_line_3":"Scotland","postcode":"AB39 2AA","country":"United Kingdom","telephone_number":"0282 883 8793","business_category":"Music"},
{"business name":"Meeveo","address_line_1":"8 Cordelia Crossing","address_line_2":"Ashley","address_line_3":"England","postcode":"SN13 0AG","country":"United Kingdom","telephone_number":"0380 906 2838","business_category":"Books"},
{"business name":"Roomm","address_line_1":"73 Oak Valley Hill","address_line_2":"Carlton","address_line_3":"England","postcode":"DL8 1AB","country":"United Kingdom","telephone_number":"0149 236 5224","business_category":"Movies"},
{"business name":"Fivechat","address_line_1":"8976 Shasta Circle","address_line_2":"Halton","address_line_3":"England","postcode":"LS9 0AF","country":"United Kingdom","telephone_number":"0333 587 2684","business_category":"Grocery"},
{"business name":"Thoughtworks","address_line_1":"376 Bluejay Junction","address_line_2":"Liverpool","address_line_3":"England","postcode":"L74 4AG","country":"United Kingdom","telephone_number":"0235 772 7867","business_category":"Computers"},
{"business name":"Plajo","address_line_1":"7962 Walton Park","address_line_2":"Newtown","address_line_3":"England","postcode":"RG20 0AD","country":"United Kingdom","telephone_number":"0146 210 8394","business_category":"Toys"},
{"business name":"Flipstorm","address_line_1":"57 Gina Court","address_line_2":"Pentre","address_line_3":"Wales","postcode":"SY4 1AB","country":"United Kingdom","telephone_number":"0909 494 8961","business_category":"Baby"},
{"business name":"Jabbersphere","address_line_1":"3009 Sage Avenue","address_line_2":"Wootton","address_line_3":"England","postcode":"NN4 0LY","country":"United Kingdom","telephone_number":"0456 860 9855","business_category":"Outdoors"},
{"business name":"Twinte","address_line_1":"8 Anzinger Circle","address_line_2":"Newton","address_line_3":"Scotland","postcode":"IV1 8AB","country":"United Kingdom","telephone_number":"0910 218 2115","business_category":"Automotive"},
{"business name":"Skinte","address_line_1":"31 Bluejay Park","address_line_2":"Swindon","address_line_3":"England","postcode":"SN1 1DG","country":"United Kingdom","telephone_number":"0167 732 8639","business_category":"Jewelery"},
{"business name":"Zoozzy","address_line_1":"7389 Michigan Court","address_line_2":"Dean","address_line_3":"England","postcode":"OX7 3AE","country":"United Kingdom","telephone_number":"0593 991 1643","business_category":"Baby"},
{"business name":"Kare","address_line_1":"2403 Alpine Park","address_line_2":"Wirral","address_line_3":"England","postcode":"CH48 0QG","country":"United Kingdom","telephone_number":"0398 348 8804","business_category":"Kids"},
{"business name":"Yacero","address_line_1":"069 Thierer Park","address_line_2":"Burnside","address_line_3":"Scotland","postcode":"EH52 5WX","country":"United Kingdom","telephone_number":"0600 441 0120","business_category":"Beauty"},
{"business name":"Feedfire","address_line_1":"1154 Tomscot Trail","address_line_2":"Seaton","address_line_3":"England","postcode":"LE15 0ZZ","country":"United Kingdom","telephone_number":"0511 386 2963","business_category":"Games"},
{"business name":"Flipbug","address_line_1":"198 Golf View Center","address_line_2":"Aston","address_line_3":"England","postcode":"TF6 5AD","country":"United Kingdom","telephone_number":"0809 966 4719","business_category":"Grocery"},
{"business name":"Skyvu","address_line_1":"63613 Veith Street","address_line_2":"East End","address_line_3":"England","postcode":"BH21 1AJ","country":"United Kingdom","telephone_number":"0204 607 2142","business_category":"Clothing"},
{"business name":"LiveZ","address_line_1":"4674 Burrows Hill","address_line_2":"East End","address_line_3":"England","postcode":"BH21 1AF","country":"United Kingdom","telephone_number":"0778 950 7613","business_category":"Home"},
{"business name":"Meejo","address_line_1":"27 Lukken Trail","address_line_2":"Ford","address_line_3":"England","postcode":"GL54 1GA","country":"United Kingdom","telephone_number":"0708 765 6787","business_category":"Electronics"},
{"business name":"Twitterbeat","address_line_1":"6 Mockingbird Parkway","address_line_2":"Seaton","address_line_3":"England","postcode":"LE15 0BG","country":"United Kingdom","telephone_number":"0527 742 6951","business_category":"Industrial"},
{"business name":"Devpoint","address_line_1":"3 Summit Road","address_line_2":"Kirkton","address_line_3":"Scotland","postcode":"KW10 6RF","country":"United Kingdom","telephone_number":"0812 822 3703","business_category":"Baby"},
{"business name":"Skibox","address_line_1":"80898 7th Lane","address_line_2":"Liverpool","address_line_3":"England","postcode":"L74 4AG","country":"United Kingdom","telephone_number":"0913 753 4321","business_category":"Books"},
{"business name":"Wordtune","address_line_1":"289 Hayes Place","address_line_2":"Brampton","address_line_3":"England","postcode":"NR34","country":"United Kingdom","telephone_number":"0764 848 7334","business_category":"Jewelery"},
{"business name":"Demizz","address_line_1":"964 Waxwing Court","address_line_2":"Whitwell","address_line_3":"England","postcode":"DL10 4AB","country":"United Kingdom","telephone_number":"0714 429 7264","business_category":"Tools"},
{"business name":"Miboo","address_line_1":"89715 Cody Point","address_line_2":"Swindon","address_line_3":"England","postcode":"SN1","country":"United Kingdom","telephone_number":"0430 100 4576","business_category":"Electronics"},
{"business name":"Mymm","address_line_1":"76159 Veith Court","address_line_2":"London","address_line_3":"England","postcode":"EC1V 0AJ","country":"United Kingdom","telephone_number":"0513 692 3313","business_category":"Automotive"},
{"business name":"Eidel","address_line_1":"978 Armistice Park","address_line_2":"Craigavon","address_line_3":"Northern Ireland","postcode":"BT66","country":"United Kingdom","telephone_number":"0404 627 2034","business_category":"Industrial"},
{"business name":"Vitz","address_line_1":"1 Summerview Road","address_line_2":"Newton","address_line_3":"England","postcode":"NG34 0AB","country":"United Kingdom","telephone_number":"0291 326 5457","business_category":"Garden"},
{"business name":"Flashspan","address_line_1":"92036 Scofield Court","address_line_2":"Aberdeen","address_line_3":"Scotland","postcode":"AB39 2ZH","country":"United Kingdom","telephone_number":"521 845 8089","business_category":"Jewelery"},
{"business name":"Voolia","address_line_1":"3 Arkansas Hill","address_line_2":"Birmingham","address_line_3":"England","postcode":"B40 1PA","country":"United Kingdom","telephone_number":"0734 545 7749","business_category":"Books"},
{"business name":"Midel","address_line_1":"35038 Hazelcrest Circle","address_line_2":"Newbiggin","address_line_3":"England","postcode":"NE46 1AJ","country":"United Kingdom","telephone_number":"0762 825 1786","business_category":"Outdoors"},
{"business name":"Yakijo","address_line_1":"4 Gina Terrace","address_line_2":"Sutton","address_line_3":"England","postcode":"RH5 4AF","country":"United Kingdom","telephone_number":"0352 174 8960","business_category":"Music"},
{"business name":"Kimia","address_line_1":"61 Lindbergh Street","address_line_2":"Birmingham","address_line_3":"England","postcode":"B40 1AB","country":"United Kingdom","telephone_number":"0862 535 3144","business_category":"Electronics"},
{"business name":"Podcat","address_line_1":"4139 Banding Hill","address_line_2":"Thorpe","address_line_3":"England","postcode":"BD23 1AA","country":"United Kingdom","telephone_number":"0693 773 5997","business_category":"Baby"},
{"business name":"Yakijo","address_line_1":"41298 Memorial Lane","address_line_2":"Weston","address_line_3":"England","postcode":"GU32 1YP","country":"United Kingdom","telephone_number":"0346 684 4062","business_category":"Industrial"},
{"business name":"Yombu","address_line_1":"63 Bluestem Point","address_line_2":"London","address_line_3":"England","postcode":"EC1V 0AJ","country":"United Kingdom","telephone_number":"0895 967 2897","business_category":"Movies"},
{"business name":"Wikibox","address_line_1":"19527 Anderson Plaza","address_line_2":"Whitwell","address_line_3":"England","postcode":"DL10 4AF","country":"United Kingdom","telephone_number":"0229 689 9179","business_category":"Electronics"},
{"business name":"Vipe","address_line_1":"18 Garrison Center","address_line_2":"London","address_line_3":"England","postcode":"EC1V 0AG","country":"United Kingdom","telephone_number":"0795 178 2746","business_category":"Toys"},
{"business name":"Eimbee","address_line_1":"03 Old Shore Trail","address_line_2":"Norton","address_line_3":"England","postcode":"NN11 0GB","country":"United Kingdom","telephone_number":"0361 836 3475","business_category":"Toys"},
{"business name":"Voonix","address_line_1":"5124 Continental Trail","address_line_2":"Newton","address_line_3":"Scotland","postcode":"IV1 8AA","country":"United Kingdom","telephone_number":"0902 797 9644","business_category":"Kids"},
{"business name":"Eayo","address_line_1":"82679 Hooker Plaza","address_line_2":"Normanton","address_line_3":"England","postcode":"LE15 0BG","country":"United Kingdom","telephone_number":"0857 510 4069","business_category":"Movies"},
{"business name":"Realcube","address_line_1":"0926 Rigney Plaza","address_line_2":"Milton","address_line_3":"Scotland","postcode":"AB56 1YA","country":"United Kingdom","telephone_number":"0950 300 3038","business_category":"Games"},
{"business name":"Dynabox","address_line_1":"8 Old Shore Center","address_line_2":"Stapleford","address_line_3":"England","postcode":"LN6 0AD","country":"United Kingdom","telephone_number":"0359 165 3753","business_category":"Home"},
{"business name":"Twinte","address_line_1":"670 Moose Park","address_line_2":"Milton","address_line_3":"Scotland","postcode":"AB56 1AA","country":"United Kingdom","telephone_number":"0718 856 9778","business_category":"Electronics"},
{"business name":"Dabtype","address_line_1":"64428 Lake View Place","address_line_2":"Pentre","address_line_3":"Wales","postcode":"SY4 1AA","country":"United Kingdom","telephone_number":"0659 430 7066","business_category":"Baby"},
{"business name":"Tazz","address_line_1":"76 Manitowish Terrace","address_line_2":"London","address_line_3":"England","postcode":"EC3M 2RY","country":"United Kingdom","telephone_number":"0403 819 5627","business_category":"Beauty"},
{"business name":"Aibox","address_line_1":"798 Vermont Way","address_line_2":"Buckland","address_line_3":"England","postcode":"CT16 1AJ","country":"United Kingdom","telephone_number":"0144 693 5001","business_category":"Industrial"},
{"business name":"Vidoo","address_line_1":"4129 Oak Center","address_line_2":"Denton","address_line_3":"England","postcode":"M34 0AG","country":"United Kingdom","telephone_number":"0109 699 5893","business_category":"Sports"},
{"business name":"Dynazzy","address_line_1":"2 La Follette Road","address_line_2":"Birmingham","address_line_3":"England","postcode":"B40 1AB","country":"United Kingdom","telephone_number":"0123 473 8784","business_category":"Kids"},
{"business name":"Devpoint","address_line_1":"7 Fairfield Park","address_line_2":"Burnside","address_line_3":"Scotland","postcode":"EH52 5AA","country":"United Kingdom","telephone_number":"0558 143 6911","business_category":"Jewelery"},
{"business name":"Vipe","address_line_1":"42 Longview Center","address_line_2":"Twyford","address_line_3":"England","postcode":"LE14 2FA","country":"United Kingdom","telephone_number":"0529 327 1563","business_category":"Grocery"},
{"business name":"Camido","address_line_1":"19 Arrowood Park","address_line_2":"Normanton","address_line_3":"England","postcode":"LE15 0BG","country":"United Kingdom","telephone_number":"0126 290 6641","business_category":"Home"},
{"business name":"Divavu","address_line_1":"56316 Anderson Road","address_line_2":"Birmingham","address_line_3":"England","postcode":"B40 1NT","country":"United Kingdom","telephone_number":"0957 844 1467","business_category":"Jewelery"},
{"business name":"Shufflester","address_line_1":"1607 Farragut Center","address_line_2":"Normanton","address_line_3":"England","postcode":"LE15 0AW","country":"United Kingdom","telephone_number":"0456 338 5430","business_category":"Electronics"},
{"business name":"Jabberstorm","address_line_1":"17420 Debs Pass","address_line_2":"Sheffield","address_line_3":"England","postcode":"S33 0AB","country":"United Kingdom","telephone_number":"0498 336 3864","business_category":"Industrial"},
{"business name":"Browsebug","address_line_1":"312 Superior Junction","address_line_2":"Stapleford","address_line_3":"England","postcode":"LN6 0AD","country":"United Kingdom","telephone_number":"0761 544 7604","business_category":"Shoes"}]
